#名前,#animname,type,index,攻撃力,部位破壊率,moveTimeRate,moveSpeedXZ,moveSpeedY,nextLightAttack,nextHeavyAttack,ノックバックするXZ,ノックバックするY,きりもみ吹っ飛びか,seFrameRate,seName,attackColStart,attackColEnd,endFrame
#備考,#,type:0=弱攻撃、1=強攻撃,,,%表示,,,,nextAttack:,セミコロン区切り(;),#空中の上下差のある攻撃は,当たった瞬間の移動量で,、ふっとびではない,なければ空欄,,当たり判定ON開始(進行率),当たり判定ON終了(進行率),
地上弱攻撃1,root|Combo_Attack_03_01,0,0,50,6,0.1,25,0,1,8,0,0,0,0.06,AttackSwordAirSE,0.45,0.8,-1
地上弱攻撃2,root|Combo_Attack_03_02,0,1,50,10,0.15,20,0,2,,0,0,0,0.06,AttackSwordAirSE,0.4,0.8,41
地上弱攻撃3,root|Combo_Attack_03_03,0,2,50,16,0.15,5,0,3,,0,0,0,0.16,AttackSwordAirSE,0.4,0.9,-1
地上弱攻撃4,root|Combo_Attack_03_04,0,3,50,30,0.15,50,0,,,16,15,1,0.13,AttackSwordAirSE,0.4,0.8,-1
#強攻撃,,,,,,,,,,,,,,,,,,
地上強攻撃1,root|Combo_Attack_02_01,1,4,50,10,0.3,10,0,,5,0,0,0,0.2,KickAirSE,0.4,0.8,-1
地上強攻撃2,root|Combo_Attack_02_02,1,5,50,20,0.2,25,0,,6,0,0,0,0.35,AttackSwordAirSE,0.4,0.8,51
地上強攻撃3,root|Combo_Attack_02_03,1,6,50,40,0.2,-20,0,,7,-20,0,0,0.35,AttackSwordAirSE,0.4,0.8,-1
地上強攻撃4,root|Combo_Attack_02_04,1,7,50,50,0.2,35,0,,,20,20,1,0.35,AttackSwordAirSE,0.4,0.8,-1
#連携技,,,,,,,,,,,,,,,,,,
切り上げ攻撃,root|Attack_Up_Air_To_Air_03,1,8,50,10,0.2,0,40,9,9,0,40,0,0.06,AttackSwordAirSE,0.4,0.8,28.55
#空中弱攻撃,,,,,,,,,,,,,,,,,,
空中弱攻撃1,root|Combo_Attack_Air_06_01,0,9,50,6,0.2,24,0,10,12,0,0,0,0.25,AttackSwordAirSE,0.4,0.8,-1
空中弱攻撃2,root|Combo_Attack_Air_06_02,0,10,50,10,0.2,30,0,11,12,0,0,0,0.06,KickAirSE,0.4,0.8,23
空中弱攻撃3,root|Combo_Attack_Air_06_03,0,11,50,16,0.2,20,0,12,12,0,0,0,0.06,KickAirSE,0.4,0.8,-1
空中弱攻撃4,root|Combo_Attack_Air_06_04,0,12,50,30,0.2,0,-40,,,0,-40,1,0.06,AttackSwordAirSE,0.4,0.8,-1
#空中強攻撃,,,,,,,,,,,,,,,,,,
空中強攻撃1,Player|HeavyAttack2,1,13,50,30,0.2,0,-40,,,0,-40,0,0.06,AttackSwordAirSE,0.4,0.8,-1
ダッシュ攻撃,,0,14,50,30,0.4,10,0,,,15,10,1,0.06,AttackSwordAirSE,0.4,0.8,-1
#スキル攻撃,,,,,,,,,,,,,,,,,,
スキル弱1,Player|Skil1,0,15,120,50,0.25,35,0,15,,0,0,0,0.06,SkillAirSE,0.41,0.8,-1
スキル弱2,Player|Skil2,0,16,120,50,0.2,15,0,16,,0,0,0,0.06,SkillAirSE,0.45,0.9,-1
スキル弱3,Player|Skil3,0,17,120,50,0.2,15,0,,,20,20,1,0.06,SkillAirSE,0.45,0.9,-1
