#key,animName
Idle,Ninja_Idle_Standing
Walk,Run_Fast_Combat_Loop_RM
Walking,Walk_Loop_F_0_RM
Run,Ninja_Shuffle_Sprint_Forward
ChangeDirection,Jump_Combat_Start_B_180
DodgeForward,Roll_Combat_F_0
DodgeBackward,Roll_B_180
DodgeLeft,Dodge_Combat_F
DodgeRight,Dodge_Combat_F
AttackPose,Ninja_Idle_Standing_SwordDrawn
wallKick,Ninja_Acrobatic_Frontflip
DashAttack,Dash_Air_Attack
JumpUp,Jump_Combat_Start_F_0
JumpDown,Jump_Combat_Loop_0
UltAttack,Parry_Counter_Attack
Hit,Hit_Combat_F
Death,Hit_Death
Idle01,Ninja_Idle_LoosenUp01
Idle02,Ninja_Idle_LoosenUp02
Idle03,Ninja_Idle_LoosenUp03
Execute01,Execution_01
Execute02,Execution_02
Execute03,Execution_03
Execute04,Ninja_Chudan_Attack_FootPlantJumpSlash_Attacker
Assasin01,Ninja_Chudan_Attack_RunSlashFinisher_Attacker
Assasin02,Ninja_Chudan_Attack_RunSlideUnderbellyCut
Assasin03,Ninja_Chudan_Attack_StabBehind_Attacker
Assasin04,Ninja_Chudan_Attack_StabChest_Attacker
HeavyAttackLanding,Attack_Air_To_Floor_End_01
JustDodgeForward,Ninja_Acrobatic_Frontflip
JustDodgeBackward,Ninja_Acrobatic_Backflip
