#type,posX,posY,posZ,rotYDeg,phase,initialState,groupId,route
Swordman,100,0,4100,180,1,Guard,A2,
Swordman,-900,0,3200,160,1,Guard,A2,
Swordman,-400,0,2600,90,1,Patrol,A2,400:0:2600:90|400:0:3800:90|-400:0:3800:90|-400:0:2600:90
Swordman,-900,-100,6200,90,2,Guard,A3,
Swordman,600,-100,6400,-90,2,Patrol,A3,-400:-100:6400:120|-400:-100:7300:60|600:-100:7300:120|600:-100:6400:60
Swordman,-200,-1200,10200,180,3,Guard,B1_Left,
Swordman,1000,-1200,10400,-160,3,Guard,B1_Right,
Swordman,0,-1200,12300,180,3,Guard,B1_Right,
Swordman,-800,-1200,9200,0,3,Patrol,B1_Left,-800:-1200:10800:120|-1600:-1200:10800:60|-1600:-1200:9200:120|-800:-1200:9200:60
Swordman,400,-1200,8600,0,3,Patrol,B1_Right,400:-1200:11200:150|400:-1200:8600:150
Swordman,600,-200,15200,180,4,Guard,H0,
Swordman,-500,-200,14600,0,4,Patrol,H0,-500:-200:16600:120|-500:-200:14600:120
Swordman,200,-200,21900,180,5,Guard,H1,
Swordman,-700,-200,19200,0,5,Patrol,H1,-700:-200:21600:90|-700:-200:19200:90
Swordman,500,-200,21600,180,5,Patrol,H1,500:-200:19200:90|500:-200:21600:90
Swordman,600,-200,25800,180,6,Guard,H2,
Swordman,-600,-200,24400,90,6,Patrol,H2,100:-200:24400:60|100:-200:25800:120|-600:-200:25800:60|-600:-200:24400:120
