#routeId,index,posX,posY,posZ,waitTime
#routeId:route pattern id / index:visit order (0-) / waitTime:frames to wait at the point
#route0: square loop
0,0,-1000,0,-1000,60
0,1,1000,0,-1000,60
0,2,1000,0,1000,60
0,3,-1000,0,1000,60
#route1: back and forth (long wait at both ends)
1,0,-1500,0,0,120
1,1,1500,0,0,120
#route2: triangle
2,0,0,0,1200,30
2,1,1000,0,-600,30
2,2,-1000,0,-600,30
#route3: zigzag (no wait on the way)
3,0,-1600,0,-800,90
3,1,-800,0,800,0
3,2,0,0,-800,0
3,3,800,0,800,0
3,4,1600,0,-800,90
#route4: guard post (short moves around a point, long waits)
4,0,0,0,0,180
4,1,300,0,0,60
4,2,0,0,0,180
4,3,-300,0,0,60
